Código,Nome,Preço,@Imagem
"137525,SEPARDOR PRATA 925  CORAÇÃO CRAVEJADO,""R$ 139,80"",Z:\marketing\Weslley\Coleção JUNHO\CATÁLOGO DE PRATA\137525-1.jpg"
"177881,BERLOQUE PRATA 925 CORAÇÃO COM ZIRCÔNIA,""R$ 139,80"",Imagem não encontrada"
"177881,BERLOQUE PRATA 925 CORAÇÃO COM ZIRCÔNIA,""R$ 139,80"",Imagem não encontrada"
"177881,BERLOQUE PRATA 925 CORAÇÃO COM ZIRCÔNIA,""R$ 139,80"",Imagem não encontrada"
"177881,BERLOQUE PRATA 925 CORAÇÃO COM ZIRCÔNIA,""R$ 139,80"",Imagem não encontrada"
"177881,BERLOQUE PRATA 925 CORAÇÃO COM ZIRCÔNIA,""R$ 139,80"",Imagem não encontrada"
"187343,BERLOQUE PRATA 925 SEPARADOR PATA CRAVEJADA,""R$ 139,80"",Imagem não encontrada"
"187343,BERLOQUE PRATA 925 SEPARADOR PATA CRAVEJADA,""R$ 139,80"",Imagem não encontrada"
"187343,BERLOQUE PRATA 925 SEPARADOR PATA CRAVEJADA,""R$ 139,80"",Imagem não encontrada"
"187343,BERLOQUE PRATA 925 SEPARADOR PATA CRAVEJADA,""R$ 139,80"",Imagem não encontrada"
"190161,BRINCO TRIO PRATA 925 CORAÇÃO,""R$ 59,80"",Z:\marketing\Weslley\Coleção JUNHO\CATÁLOGO DE PRATA\190161-1.jpg"
"191833,BERLOQUE PRATA 925 TORRE EIFFEL E CÂMERA FOTOGRAFICA,""R$ 159,80"",Z:\marketing\Weslley\Coleção JUNHO\CATÁLOGO DE PRATA\191833-5.jpg"
"191939,BRINCO PRATA 925 PONTO DE LUZ COM DETALHE CORRENTE,""R$ 79,80"",Z:\marketing\Weslley\Coleção JUNHO\CATÁLOGO DE PRATA\191939-1.jpg"
"191977,BERLOQUE PRATA 925 TARTARUGA CRAVEJADA,""R$ 119,80"",Z:\marketing\Weslley\Coleção JUNHO\CATÁLOGO DE PRATA\191977-1.jpg"
"191977,BERLOQUE PRATA 925 TARTARUGA CRAVEJADA,""R$ 119,80"",Z:\marketing\Weslley\Coleção JUNHO\CATÁLOGO DE PRATA\191977-7.jpg"
"192239,PULSEIRA PRATA 925 PINGENTES PONTO DE LUZ,""R$ 59,80"",Z:\marketing\Weslley\Coleção JUNHO\CATÁLOGO DE PRATA\192239-1.jpg"
"192249,PULSEIRA PRATA 925 CORAÇÕES LISOS,""R$ 79,80"",Z:\marketing\Weslley\Coleção JUNHO\CATÁLOGO DE PRATA\192249-1.jpg"
"192300,COLAR PRATA 925 CORAÇÕES CRAVEJADOS,""R$ 119,80"",Z:\marketing\Weslley\Coleção JUNHO\CATÁLOGO DE PRATA\192300-1.jpg"
"192343,COLAR PRATA 925 LUAS E ESTRELAS,""R$ 119,80"",Z:\marketing\Weslley\Coleção JUNHO\CATÁLOGO DE PRATA\192343-1.jpg"
"192356,COLAR PRATA 925 CÍRCULOS CRAVEJADO,""R$ 119,80"",Z:\marketing\Weslley\Coleção JUNHO\CATÁLOGO DE PRATA\192356-1.jpg"
"195089,PULSEIRA PRATA 925 PONTOS DE LUZ,""R$ 59,80"",Z:\marketing\Weslley\Coleção JUNHO\CATÁLOGO DE PRATA\195089-1.jpg"
"195094,COLAR PRATA 925 CIRCULOS LISO,""R$ 119,80"",Z:\marketing\Weslley\Coleção JUNHO\CATÁLOGO DE PRATA\195094-1.jpg"
"195117,PULSEIRA PRATA 925 CORAÇÕES CRAVEJADOS,""R$ 57,28"",Z:\marketing\Weslley\Coleção JUNHO\CATÁLOGO DE PRATA\195117-1.jpg"
"195774,PULSEIRA PRATA 925 CORAÇÕES CRAVEJADOS,""R$ 79,80"",Z:\marketing\Weslley\Coleção JUNHO\CATÁLOGO DE PRATA\195774-1.jpg"
"198014,TORNOZELEIRA PRATA 925 CORAÇÕES VAZADOS,""R$ 59,80"",Z:\marketing\Weslley\Coleção JUNHO\CATÁLOGO DE PRATA\198014-1.jpg"
"198021,TORNOZELEIRA PRATA 925 PONTOS DE LUZ,""R$ 79,80"",Z:\marketing\Weslley\Coleção JUNHO\CATÁLOGO DE PRATA\198021-1.jpg"
"198021,TORNOZELEIRA PRATA 925 PONTOS DE LUZ,""R$ 79,80"",Imagem não encontrada"
"198047,PULSEIRA PRATA 925 BOLAS,""R$ 59,80"",Z:\marketing\Weslley\Coleção JUNHO\CATÁLOGO DE PRATA\198047-1.jpg"
"198120,PULSEIRA PRATA 925 CORAÇÕES,""R$ 79,80"",Z:\marketing\Weslley\Coleção JUNHO\CATÁLOGO DE PRATA\198120-1.jpg"
"198169,BERLOQUE PRATA 925 CHAVE DE CARRO,""R$ 139,80"",Z:\marketing\Weslley\Coleção JUNHO\CATÁLOGO DE PRATA\198169-1.jpg"
"200408,PULSEIRA PRATA 925 CRUZ LISA,""R$ 59,80"",Z:\marketing\Weslley\Coleção JUNHO\CATÁLOGO DE PRATA\200408-1.jpg"
"201378,PULSEIRA PRATA 925 CORAÇÃO,""R$ 39,80"",Z:\marketing\Weslley\Coleção JUNHO\CATÁLOGO DE PRATA\201378-1.jpg"
"201379,PULSEIRA PRATA 925 GOTAS CRAVEJADO,""R$ 79,80"",Z:\marketing\Weslley\Coleção JUNHO\CATÁLOGO DE PRATA\201379-1.jpg"
"201379,PULSEIRA PRATA 925 GOTAS CRAVEJADO,""R$ 79,80"",Imagem não encontrada"
"201391,COLAR PRATA 925 NAVETES,""R$ 139,80"",Z:\marketing\Weslley\Coleção JUNHO\CATÁLOGO DE PRATA\201391-1.jpg"
"202036,BRINCO PRATA 925 GOTA CRAVEJADA,""R$ 25,80"",Z:\marketing\Weslley\Coleção JUNHO\CATÁLOGO DE PRATA\202036-1.jpg"
"202036,BRINCO PRATA 925 GOTA CRAVEJADA,""R$ 25,80"",Z:\marketing\Weslley\Coleção JUNHO\CATÁLOGO DE PRATA\202036-11.jpg"
"202036,BRINCO PRATA 925 GOTA CRAVEJADA,""R$ 25,80"",Z:\marketing\Weslley\Coleção JUNHO\CATÁLOGO DE PRATA\202036-3.jpg"
"202036,BRINCO PRATA 925 GOTA CRAVEJADA,""R$ 25,80"",Z:\marketing\Weslley\Coleção JUNHO\CATÁLOGO DE PRATA\202036-5.jpg"
"202036,BRINCO PRATA 925 GOTA CRAVEJADA,""R$ 25,80"",Z:\marketing\Weslley\Coleção JUNHO\CATÁLOGO DE PRATA\202036-9.jpg"
"202036,BRINCO PRATA 925 GOTA CRAVEJADA,""R$ 25,80"",Imagem não encontrada"
"202036,BRINCO PRATA 925 GOTA CRAVEJADA,""R$ 25,80"",Imagem não encontrada"
"205229,COLAR PRATA 925 CÍRCULOS CRAVEJADO,""R$ 139,80"",Z:\marketing\Weslley\Coleção JUNHO\CATÁLOGO DE PRATA\205229-1.jpg"
"205255,PULSEIRA PRATA 925 CÍRCULOS CRAVEJADOS,""R$ 39,80"",Z:\marketing\Weslley\Coleção JUNHO\CATÁLOGO DE PRATA\205255-1.jpg"
"205260,PULSEIRA PRATA 925 MEDALHA DE SÃO BENTO COM DETALHE EM ZIRCÔNIA,""R$ 79,80"",Z:\marketing\Weslley\Coleção JUNHO\CATÁLOGO DE PRATA\205260-1.jpg"
"205270,PULSEIRA PRATA 925 BORBOLETA COM DETALHES EM ZIRCÔNIA,""R$ 59,80"",Z:\marketing\Weslley\Coleção JUNHO\CATÁLOGO DE PRATA\205270-1.jpg"
"205270,PULSEIRA PRATA 925 BORBOLETA COM DETALHES EM ZIRCÔNIA,""R$ 59,80"",Z:\marketing\Weslley\Coleção JUNHO\CATÁLOGO DE PRATA\205270-3.jpg"
"205270,PULSEIRA PRATA 925 BORBOLETA COM DETALHES EM ZIRCÔNIA,""R$ 59,80"",Z:\marketing\Weslley\Coleção JUNHO\CATÁLOGO DE PRATA\205270-5.jpg"
"206351,BERLOQUE PRATA 925 MENINO,""R$ 119,80"",Z:\marketing\Weslley\Coleção JUNHO\CATÁLOGO DE PRATA\206351-1.jpg"
"207201,CHOKER PRATA 925 TERÇO COM ZIRCÔNIAS,""R$ 179,80"",Z:\marketing\Weslley\Coleção JUNHO\CATÁLOGO DE PRATA\207201-1.jpg"
"207243,COLAR PRATA 925 CORAÇÕES VAZADOS,""R$ 119,80"",Z:\marketing\Weslley\Coleção JUNHO\CATÁLOGO DE PRATA\207243-1.jpg"
"207303,PULSEIRA PRATA 925 BORBOLETA LISA E CORAÇÕES EM ZIRCÔNIA,""R$ 59,80"",Z:\marketing\Weslley\Coleção JUNHO\CATÁLOGO DE PRATA\207303-1.jpg"
"209451,PULSEIRA PRATA 925 MODELO CORAÇÕES VAZADOS COM CORAÇÃO EM ZIRCÔNIA,""R$ 59,80"",Z:\marketing\Weslley\Coleção JUNHO\CATÁLOGO DE PRATA\209451-1.jpg"
"209473,PULSEIRA PRATA 925 CORAÇÕES EM ZIRCÔNIA,""R$ 59,80"",Z:\marketing\Weslley\Coleção JUNHO\CATÁLOGO DE PRATA\209473-1.jpg"
"211221,PULSEIRA PRATA 925 BORBOLETA LISA,""R$ 39,80"",Z:\marketing\Weslley\Coleção JUNHO\CATÁLOGO DE PRATA\211221-1.jpg"
"213448,PULSEIRA PRATA 925 TERÇO COM ZIRCÔNIA,""R$ 119,80"",Z:\marketing\Weslley\Coleção JUNHO\CATÁLOGO DE PRATA\213448-1.jpg"
"213655,PULSEIRA PRATA 925 CORAÇÕES COM DETALHE EM ZIRCÔNIA,""R$ 79,80"",Z:\marketing\Weslley\Coleção JUNHO\CATÁLOGO DE PRATA\213655-1.jpg"
"213655,PULSEIRA PRATA 925 CORAÇÕES COM DETALHE EM ZIRCÔNIA,""R$ 79,80"",Z:\marketing\Weslley\Coleção JUNHO\CATÁLOGO DE PRATA\213655-3.jpg"
"215974,TORNOZELEIRA PRATA 925 CORAÇÕES EM ZIRCÔNIA,""R$ 79,80"",Z:\marketing\Weslley\Coleção JUNHO\CATÁLOGO DE PRATA\215974-1.jpg"
"215974,TORNOZELEIRA PRATA 925 CORAÇÕES EM ZIRCÔNIA,""R$ 79,80"",Imagem não encontrada"
"215983,TORNOZELEIRA PRATA 925 BORBOLETA COM DETALHE CORAÇÕES,""R$ 59,80"",Z:\marketing\Weslley\Coleção JUNHO\CATÁLOGO DE PRATA\215983-1.jpg"
"215991,PULSEIRA PRATA 925 CORAÇÕES VAZADOS E COM ZIRCÔNIA,""R$ 59,80"",Z:\marketing\Weslley\Coleção JUNHO\CATÁLOGO DE PRATA\215991-1.jpg"
"215993,PULSEIRA PRATA 925 CORAÇÃO VAZADO COM DETALHE PONTOS DE LUZ,""R$ 59,80"",Z:\marketing\Weslley\Coleção JUNHO\CATÁLOGO DE PRATA\215993-1.jpg"
"215999,PULSEIRA PRATA 925 CORAÇÕES VAZADOS E EM ZIRCÔNIA,""R$ 59,80"",Z:\marketing\Weslley\Coleção JUNHO\CATÁLOGO DE PRATA\215999-1.jpg"
"215999,PULSEIRA PRATA 925 CORAÇÕES VAZADOS E EM ZIRCÔNIA,""R$ 59,80"",Z:\marketing\Weslley\Coleção JUNHO\CATÁLOGO DE PRATA\215999-4.jpg"
"217468,COLAR PRATA 925 CÍRCULOS CRAVEJADO,""R$ 139,80"",Z:\marketing\Weslley\Coleção JUNHO\CATÁLOGO DE PRATA\217468-1.jpg"
"218084,PULSEIRA PRATA 925 TREVO EM  ZIRCÔNIA,""R$ 79,80"",Z:\marketing\Weslley\Coleção JUNHO\CATÁLOGO DE PRATA\218084-1.jpg"
"218176,SEPARADOR PRATA 925 BORBOLETA COM DETALHE CRAVEJADO,""R$ 119,80"",Z:\marketing\Weslley\Coleção JUNHO\CATÁLOGO DE PRATA\218176-1.jpg"
"218176,SEPARADOR PRATA 925 BORBOLETA COM DETALHE CRAVEJADO,""R$ 119,80"",Z:\marketing\Weslley\Coleção JUNHO\CATÁLOGO DE PRATA\218176-3.jpg"
"218176,SEPARADOR PRATA 925 BORBOLETA COM DETALHE CRAVEJADO,""R$ 119,80"",Z:\marketing\Weslley\Coleção JUNHO\CATÁLOGO DE PRATA\218176-7.jpg"
"218191,SEPARADOR PRATA 925 ASTRONAUTA,""R$ 119,80"",Z:\marketing\Weslley\Coleção JUNHO\CATÁLOGO DE PRATA\218191-1.jpg"
"218225,BERLOQUE PRATA 925 CORUJA CRAVEJADA,""R$ 119,80"",Z:\marketing\Weslley\Coleção JUNHO\CATÁLOGO DE PRATA\218225-1.jpg"
"234807,PULSEIRA PRATA 925 BORBOLETAS LISAS,""R$ 59,80"",Z:\marketing\Weslley\Coleção JUNHO\CATÁLOGO DE PRATA\234807-1.jpg"
"234861,PULSEIRA  PRATA 925 TREVO,""R$ 59,80"",Z:\marketing\Weslley\Coleção JUNHO\CATÁLOGO DE PRATA\234861-1.jpg"
"234864,PULSEIRA PRATA 925 CÍRCULO COM CORAÇÕES LISO E VAZADO,""R$ 79,80"",Z:\marketing\Weslley\Coleção JUNHO\CATÁLOGO DE PRATA\234864-1.jpg"
"234933,PULSEIRA PRATA 925 GOTAS COM ZIRCÔNIA,""R$ 59,80"",Z:\marketing\Weslley\Coleção JUNHO\CATÁLOGO DE PRATA\234933-1.jpg"
"234954,TORNOZELEIRA PRATA 925 PINGENTE  CORAÇÕES LISO E COM ZIRCÔNIA,""R$ 79,80"",Z:\marketing\Weslley\Coleção JUNHO\CATÁLOGO DE PRATA\234954-1.jpg"
"236658,PULSEIRA PRATA 925 CORAÇÕES LISOS,""R$ 59,80"",Z:\marketing\Weslley\Coleção JUNHO\CATÁLOGO DE PRATA\236658-1.jpg"
"237571,BRINCO PRATA 925 BASE PONTO DE LUZ DETALHE CORAÇÃO,""R$ 39,80"",Z:\marketing\Weslley\Coleção JUNHO\CATÁLOGO DE PRATA\237571-1.jpg"
"237571,BRINCO PRATA 925 BASE PONTO DE LUZ DETALHE CORAÇÃO,""R$ 39,80"",Z:\marketing\Weslley\Coleção JUNHO\CATÁLOGO DE PRATA\237571-11.jpg"
"237571,BRINCO PRATA 925 BASE PONTO DE LUZ DETALHE CORAÇÃO,""R$ 39,80"",Z:\marketing\Weslley\Coleção JUNHO\CATÁLOGO DE PRATA\237571-3.jpg"
"237571,BRINCO PRATA 925 BASE PONTO DE LUZ DETALHE CORAÇÃO,""R$ 39,80"",Z:\marketing\Weslley\Coleção JUNHO\CATÁLOGO DE PRATA\237571-5.jpg"
"237571,BRINCO PRATA 925 BASE PONTO DE LUZ DETALHE CORAÇÃO,""R$ 39,80"",Z:\marketing\Weslley\Coleção JUNHO\CATÁLOGO DE PRATA\237571-7.jpg"
"237571,BRINCO PRATA 925 BASE PONTO DE LUZ DETALHE CORAÇÃO,""R$ 39,80"",Z:\marketing\Weslley\Coleção JUNHO\CATÁLOGO DE PRATA\237571-9.jpg"
"258164,BERLOQUE PRATA 925 BOLSA E SAPATO,""R$ 159,80"",Z:\marketing\Weslley\Coleção JUNHO\CATÁLOGO DE PRATA\258164-1.jpg"
"258221,BERLOQUE PRATA 925 PINCEL COM PALETA DE CORES,""R$ 139,80"",Z:\marketing\Weslley\Coleção JUNHO\CATÁLOGO DE PRATA\258221-1.jpg"
"258237,BERLOQUE PRATA 925 TESOURA,""R$ 79,80"",Z:\marketing\Weslley\Coleção JUNHO\CATÁLOGO DE PRATA\258237-1.jpg"
"258237,BERLOQUE PRATA 925 TESOURA,""R$ 79,80"",Z:\marketing\Weslley\Coleção JUNHO\CATÁLOGO DE PRATA\258237-3.jpg"
"258237,BERLOQUE PRATA 925 TESOURA,""R$ 79,80"",Z:\marketing\Weslley\Coleção JUNHO\CATÁLOGO DE PRATA\258237-5.jpg"
"258250,BERLOQUE PRATA 925 ARARA,""R$ 139,80"",Z:\marketing\Weslley\Coleção JUNHO\CATÁLOGO DE PRATA\258250-1.jpg"
"258259,BERLOQUE PRATA 925 CORAÇÃO CRAVEJADO,""R$ 139,80"",Z:\marketing\Weslley\Coleção JUNHO\CATÁLOGO DE PRATA\258259-1.jpg"
"258259,BERLOQUE PRATA 925 CORAÇÃO CRAVEJADO,""R$ 139,80"",Z:\marketing\Weslley\Coleção JUNHO\CATÁLOGO DE PRATA\258259-3.jpg"
"258259,BERLOQUE PRATA 925 CORAÇÃO CRAVEJADO,""R$ 139,80"",Z:\marketing\Weslley\Coleção JUNHO\CATÁLOGO DE PRATA\258259-5.jpg"
"258263,BERLOQUE PRATA 925 CORAÇÃO PATA DE CACHORRO E OSSO,""R$ 159,80"",Z:\marketing\Weslley\Coleção JUNHO\CATÁLOGO DE PRATA\258263-1.jpg"
"258263,BERLOQUE PRATA 925 CORAÇÃO PATA DE CACHORRO E OSSO,""R$ 159,80"",Z:\marketing\Weslley\Coleção JUNHO\CATÁLOGO DE PRATA\258263-3.jpg"
"258263,BERLOQUE PRATA 925 CORAÇÃO PATA DE CACHORRO E OSSO,""R$ 159,80"",Z:\marketing\Weslley\Coleção JUNHO\CATÁLOGO DE PRATA\258263-5.jpg"
"258268,SEPARADOR PRATA 925 BALÃO COM ESCRITA LOVE,""R$ 139,80"",Z:\marketing\Weslley\Coleção JUNHO\CATÁLOGO DE PRATA\258268-1.jpg"
"258274,BERLOQUE PRATA 925 CORAÇÃO SÍMBOLO DO AUTISMO,""R$ 139,80"",Z:\marketing\Weslley\Coleção JUNHO\CATÁLOGO DE PRATA\258274-1.jpg"
"258306,TRAVA DE SEGURANÇA PRATA 925 REDONDO CRAVEJAD0,""R$ 299,80"",Z:\marketing\Weslley\Coleção JUNHO\CATÁLOGO DE PRATA\258306-1.jpg"
"258318,TRAVA DE SEGURANÇA PRATA 925 FLOR CRAVEJADO,""R$ 159,80"",Z:\marketing\Weslley\Coleção JUNHO\CATÁLOGO DE PRATA\258318-1.jpg"
"258361,BRACELETE PRATA 925 REGULÁVEL DUAS PONTAS CURVADA,""R$ 59,80"",Z:\marketing\Weslley\Coleção JUNHO\CATÁLOGO DE PRATA\258361-1.jpg"
"258362,BRACELETE PRATA 925 REGULÁVEL DUAS PONTAS COM BOLINHA,""R$ 59,80"",Z:\marketing\Weslley\Coleção JUNHO\CATÁLOGO DE PRATA\258362-1.jpg"
"258364,PULSEIRA PRATA 925 PÉROLA,""R$ 79,80"",Z:\marketing\Weslley\Coleção JUNHO\CATÁLOGO DE PRATA\258364-1.jpg"
"258365,COLAR PRATA 925 PÉROLA,""R$ 119,80"",Z:\marketing\Weslley\Coleção JUNHO\CATÁLOGO DE PRATA\258365-1.jpg"
"258366,COLAR PRATA 925 ESPÍRITO SANTO,""R$ 79,80"",Z:\marketing\Weslley\Coleção JUNHO\CATÁLOGO DE PRATA\258366-1.jpg"
"258367,BRINCO PRATA 925 GOTA RENDA ITALIANA,""R$ 99,80"",Z:\marketing\Weslley\Coleção JUNHO\CATÁLOGO DE PRATA\258367-1.jpg"
"258368,BRINCO PRATA 925 DOIS CORAÇÕES RENDA ITALIANA,""R$ 119,80"",Z:\marketing\Weslley\Coleção JUNHO\CATÁLOGO DE PRATA\258368-1.jpg"
"258369,PINGENTE PRATA 925 CRUCIFIXO TRABALHADO,""R$ 59,80"",Z:\marketing\Weslley\Coleção JUNHO\CATÁLOGO DE PRATA\258369-1.jpg"
"258370,ESCAPULÁRIO PRATA 925 NOSSA SENHORA DE APARECIDA,""R$ 199,80"",Z:\marketing\Weslley\Coleção JUNHO\CATÁLOGO DE PRATA\258370-1.jpg"
"258371,BRINCO PRATA 925 ENTRELAÇADO COM DETALHE PÉROLA,""R$ 159,80"",Z:\marketing\Weslley\Coleção JUNHO\CATÁLOGO DE PRATA\258371-1.jpg"
"258372,BRINCO PRATA 925 MEIA BOLA EM RENDA ITALIANA,""R$ 79,80"",Z:\marketing\Weslley\Coleção JUNHO\CATÁLOGO DE PRATA\258372-1.jpg"
"258373,PINGENTE PRATA 925 CRUCIFIXO TRABALHADO,""R$ 59,80"",Z:\marketing\Weslley\Coleção JUNHO\CATÁLOGO DE PRATA\258373-1.jpg"
"258374,PINGENTE PRATA 925 CRUCIFIXO ABAULADO TRABALHADO,""R$ 59,80"",Z:\marketing\Weslley\Coleção JUNHO\CATÁLOGO DE PRATA\258374-1.jpg"
"258375,COLAR PRATA 925 TREVOS E CORAÇÃO EM ZIRCÔNIA,""R$ 99,80"",Z:\marketing\Weslley\Coleção JUNHO\CATÁLOGO DE PRATA\258375-1.jpg"
"258376,BRINCO PRATA 925 CORAÇÃO EM RENDA ITALIANA,""R$ 39,80"",Z:\marketing\Weslley\Coleção JUNHO\CATÁLOGO DE PRATA\258376-1.jpg"
"258377,BRINCO TRIO PRATA 925 FLOR,""R$ 79,80"",Z:\marketing\Weslley\Coleção JUNHO\CATÁLOGO DE PRATA\258377-1.jpg"
"258378,""BRINCO TRIO PRATA 925 CORAÇÃO, FLOR E BORBOLETA"",""R$ 79,80"",Z:\marketing\Weslley\Coleção JUNHO\CATÁLOGO DE PRATA\258378-1.jpg"
"258379,""BRINCO TRIO PRATA 925 CORAÇÃO, QUADRADO E OVAL"",""R$ 79,80"",Z:\marketing\Weslley\Coleção JUNHO\CATÁLOGO DE PRATA\258379-1.jpg"
"258380,COLAR PRATA 925 CORAÇÕES LISOS E CRAVEJADOS,""R$ 99,80"",Z:\marketing\Weslley\Coleção JUNHO\CATÁLOGO DE PRATA\258380-1.jpg"
"258381,""BRINCO TRIO PRATA 925 PONTO DE LUZ, NOSSA SENHORA DE APARECIDA E CORAÇÃO"",""R$ 79,80"",Z:\marketing\Weslley\Coleção JUNHO\CATÁLOGO DE PRATA\258381-1.jpg"
"258382,COLAR PRATA 925 ESTRELAS VAZADAS COM CORAÇÕES EM ZIRCÔNIA,""R$ 119,80"",Z:\marketing\Weslley\Coleção JUNHO\CATÁLOGO DE PRATA\258382-1.jpg"
"258383,BRINCO TRIO PRATA 925 CORAÇÃO EM RENDA ITALIANA,""R$ 79,80"",Z:\marketing\Weslley\Coleção JUNHO\CATÁLOGO DE PRATA\258383-1.jpg"
"258384,""BRINCO TRIO PRATA 925 PONTO DE LUZ, ESTRELA E LUA"",""R$ 79,80"",Z:\marketing\Weslley\Coleção JUNHO\CATÁLOGO DE PRATA\258384-1.jpg"
"258385,PULSEIRA PRATA 925 BORBOLETAS,""R$ 99,80"",Z:\marketing\Weslley\Coleção JUNHO\CATÁLOGO DE PRATA\258385-1.jpg"
"258386,BRINCO TRIO PRATA 925 PONTO DE LUZ,""R$ 79,80"",Z:\marketing\Weslley\Coleção JUNHO\CATÁLOGO DE PRATA\258386-1.jpg"
"258387,BRINCO TRIO PRATA 925 CAUDA DE BALEIA E TARTARUGA,""R$ 79,80"",Z:\marketing\Weslley\Coleção JUNHO\CATÁLOGO DE PRATA\258387-1.jpg"
"258388,PULSEIRA PRATA 925 CORAÇÕES,""R$ 99,80"",Z:\marketing\Weslley\Coleção JUNHO\CATÁLOGO DE PRATA\258388-1.jpg"
"258389,COLAR PRATA 925 BORBOLETA E CORAÇÕES EM ZIRCÔNIA,""R$ 99,80"",Z:\marketing\Weslley\Coleção JUNHO\CATÁLOGO DE PRATA\258389-1.jpg"
"258390,""BRINCO TRIO PRATA 925 PONTO DE LUZ, LAÇO E FLOR"",""R$ 79,80"",Z:\marketing\Weslley\Coleção JUNHO\CATÁLOGO DE PRATA\258390-1.jpg"
"258391,BRINCO TRIO PRATA 925 BORBOLETA E FLOR,""R$ 79,80"",Z:\marketing\Weslley\Coleção JUNHO\CATÁLOGO DE PRATA\258391-1.jpg"
"258392,BRINCO TRIO PRATA 925 FLOR,""R$ 79,80"",Z:\marketing\Weslley\Coleção JUNHO\CATÁLOGO DE PRATA\258392-1.jpg"
"258393,BRINCO TRIO PRATA 925 CORAÇÃO,""R$ 79,80"",Z:\marketing\Weslley\Coleção JUNHO\CATÁLOGO DE PRATA\258393-1.jpg"
"258394,""BRINCO TRIO PRATA 925 ESTRELA DO MAR, BALEIA E TARTARUGA"",""R$ 79,80"",Z:\marketing\Weslley\Coleção JUNHO\CATÁLOGO DE PRATA\258394-1.jpg"
"258395,BRINCO TRIO PRATA 925 GOTA,""R$ 79,80"",Z:\marketing\Weslley\Coleção JUNHO\CATÁLOGO DE PRATA\258395-1.jpg"
"258396,BRINCO TRIO PRATA 925 BORBOLETA E FLOR,""R$ 79,80"",Z:\marketing\Weslley\Coleção JUNHO\CATÁLOGO DE PRATA\258396-1.jpg"
"258398,COLAR PRATA 925 CÍRCULO VAZADO COM CORAÇÃO EM ZIRCÔNIA,""R$ 99,80"",Z:\marketing\Weslley\Coleção JUNHO\CATÁLOGO DE PRATA\258398-1.jpg"
"258399,PULSEIRA PRATA 925 BORBOLETA,""R$ 59,80"",Z:\marketing\Weslley\Coleção JUNHO\CATÁLOGO DE PRATA\258399-1.jpg"
"258399,PULSEIRA PRATA 925 BORBOLETA,""R$ 59,80"",Z:\marketing\Weslley\Coleção JUNHO\CATÁLOGO DE PRATA\258399-3.jpg"
"258400,TORNOZELEIRA PRATA 925 BORBOLETA LISA,""R$ 59,80"",Z:\marketing\Weslley\Coleção JUNHO\CATÁLOGO DE PRATA\258400-1.jpg"
"258402,PULSEIRA PRATA 925 TREVOS,""R$ 59,80"",Z:\marketing\Weslley\Coleção JUNHO\CATÁLOGO DE PRATA\258402-1.jpg"
"258403,PULSEIRA PRATA 925 RETÂNGULAR CRAVEJADA,""R$ 59,80"",Z:\marketing\Weslley\Coleção JUNHO\CATÁLOGO DE PRATA\258403-1.jpg"
"258404,PULSEIRA PRATA 925 TREVO,""R$ 59,80"",Z:\marketing\Weslley\Coleção JUNHO\CATÁLOGO DE PRATA\258404-1.jpg"
"258405,PULSEIRA PRATA 925 ESTRELAS E CORAÇÕES CRAVEJADOS,""R$ 59,80"",Z:\marketing\Weslley\Coleção JUNHO\CATÁLOGO DE PRATA\258405-1.jpg"
"258407,SEPARADOR PRATA 925 CRAVEJADO,""R$ 199,80"",Z:\marketing\Weslley\Coleção JUNHO\CATÁLOGO DE PRATA\258407-1.jpg"
"258407,SEPARADOR PRATA 925 CRAVEJADO,""R$ 199,80"",Z:\marketing\Weslley\Coleção JUNHO\CATÁLOGO DE PRATA\258407-11.jpg"
"258407,SEPARADOR PRATA 925 CRAVEJADO,""R$ 199,80"",Z:\marketing\Weslley\Coleção JUNHO\CATÁLOGO DE PRATA\258407-13.jpg"
"258407,SEPARADOR PRATA 925 CRAVEJADO,""R$ 199,80"",Z:\marketing\Weslley\Coleção JUNHO\CATÁLOGO DE PRATA\258407-15.jpg"
"258407,SEPARADOR PRATA 925 CRAVEJADO,""R$ 199,80"",Z:\marketing\Weslley\Coleção JUNHO\CATÁLOGO DE PRATA\258407-3.jpg"
"258407,SEPARADOR PRATA 925 CRAVEJADO,""R$ 199,80"",Z:\marketing\Weslley\Coleção JUNHO\CATÁLOGO DE PRATA\258407-5.jpg"
"258407,SEPARADOR PRATA 925 CRAVEJADO,""R$ 199,80"",Z:\marketing\Weslley\Coleção JUNHO\CATÁLOGO DE PRATA\258407-7.jpg"
"258407,SEPARADOR PRATA 925 CRAVEJADO,""R$ 199,80"",Z:\marketing\Weslley\Coleção JUNHO\CATÁLOGO DE PRATA\258407-9.jpg"
"258417,PULSEIRA PRATA 925 ESTRELAS LISAS E ZIRCÔNIAS,""R$ 59,80"",Z:\marketing\Weslley\Coleção JUNHO\CATÁLOGO DE PRATA\258417-1.jpg"
"258419,PULSEIRA PRATA 925 PATAS DE CACHORRO,""R$ 59,80"",Z:\marketing\Weslley\Coleção JUNHO\CATÁLOGO DE PRATA\258419-1.jpg"
"258427,PULSEIRA  PRATA 925 TREVO VAZADO,""R$ 39,80"",Z:\marketing\Weslley\Coleção JUNHO\CATÁLOGO DE PRATA\258427-1.jpg"
"258432,SEPARADOR PRATA 925 TREVO CRAVEJADO,""R$ 139,80"",Z:\marketing\Weslley\Coleção JUNHO\CATÁLOGO DE PRATA\258432-1.jpg"
"258439,CHOKER PRATA 925 RIVIERA CRAVEJADA,""R$ 319,80"",Z:\marketing\Weslley\Coleção JUNHO\CATÁLOGO DE PRATA\258439-1.jpg"
"258442,PULSEIRA PRATA 925 RIVIERA CRAVEJADA,""R$ 159,80"",Z:\marketing\Weslley\Coleção JUNHO\CATÁLOGO DE PRATA\258442-1.jpg"
"258444,COLAR PRATA 925 CORAÇÕES CRAVEJADOS,""R$ 359,80"",Z:\marketing\Weslley\Coleção JUNHO\CATÁLOGO DE PRATA\258444-1.jpg"
"258444,COLAR PRATA 925 CORAÇÕES CRAVEJADOS,""R$ 359,80"",Z:\marketing\Weslley\Coleção JUNHO\CATÁLOGO DE PRATA\258444-3.jpg"
"258451,BERLOQUE PRATA 925 REDONDO CRAVEJADO,""R$ 119,80"",Z:\marketing\Weslley\Coleção JUNHO\CATÁLOGO DE PRATA\258451-1.jpg"
"258454,BERLOQUE PRATA 925 CHINELO COM DETALHE EM ZIRCÔNIA,""R$ 119,80"",Z:\marketing\Weslley\Coleção JUNHO\CATÁLOGO DE PRATA\258454-1.jpg"
"258454,BERLOQUE PRATA 925 CHINELO COM DETALHE EM ZIRCÔNIA,""R$ 119,80"",Z:\marketing\Weslley\Coleção JUNHO\CATÁLOGO DE PRATA\258454-3.jpg"
"258480,BRINCO PRATA 925 INFANTIL ESTRELA TARRACHA BABY,""R$ 15,80"",Z:\marketing\Weslley\Coleção JUNHO\CATÁLOGO DE PRATA\258480-1.jpg"
"258481,BRINCO PRATA 925 INFANTIL CORAÇÃO TARRACHA BABY,""R$ 15,80"",Z:\marketing\Weslley\Coleção JUNHO\CATÁLOGO DE PRATA\258481-1.jpg"
"258482,BRINCO PRATA 925 INFANTIL CORAÇÃO TARRACHA BABY,""R$ 15,80"",Z:\marketing\Weslley\Coleção JUNHO\CATÁLOGO DE PRATA\258482-1.jpg"
"258485,BRINCO PRATA 925 CORAÇÃO CRAVEJADO,""R$ 15,80"",Z:\marketing\Weslley\Coleção JUNHO\CATÁLOGO DE PRATA\258485-1.jpg"
"258485,BRINCO PRATA 925 CORAÇÃO CRAVEJADO,""R$ 15,80"",Z:\marketing\Weslley\Coleção JUNHO\CATÁLOGO DE PRATA\258485-3.jpg"
"258485,BRINCO PRATA 925 CORAÇÃO CRAVEJADO,""R$ 15,80"",Z:\marketing\Weslley\Coleção JUNHO\CATÁLOGO DE PRATA\258485-5.jpg"
"258485,BRINCO PRATA 925 CORAÇÃO CRAVEJADO,""R$ 15,80"",Z:\marketing\Weslley\Coleção JUNHO\CATÁLOGO DE PRATA\258485-7.jpg"
"258493,ARGOLA PRATA 925 REDONDA TORCIDA,""R$ 39,80"",Z:\marketing\Weslley\Coleção JUNHO\CATÁLOGO DE PRATA\258493-1.jpg"
"258496,BRINCO PRATA 925 EAR CUFF ESTRELAS LISAS E PONTILHADAS,""R$ 59,80"",Z:\marketing\Weslley\Coleção JUNHO\CATÁLOGO DE PRATA\258496-1.jpg"
"258497,BRINCO PRATA 925 INFANTIL CORAÇÃO COM FLECHA TARRACHA BABY,""R$ 15,80"",Z:\marketing\Weslley\Coleção JUNHO\CATÁLOGO DE PRATA\258497-1.jpg"
"258498,ARGOLA PRATA 925 RETÂNGULO LISO,""R$ 39,80"",Z:\marketing\Weslley\Coleção JUNHO\CATÁLOGO DE PRATA\258498-1.jpg"
"258499,ARGOLA PRATA 925 GOTA LISA,""R$ 39,80"",Z:\marketing\Weslley\Coleção JUNHO\CATÁLOGO DE PRATA\258499-1.jpg"
"258503,ARGOLA PRATA 925 QUADRADO LISO,""R$ 25,80"",Z:\marketing\Weslley\Coleção JUNHO\CATÁLOGO DE PRATA\258503-1.jpg"
"258504,ANEL PRATA 925 SOLITÁRIO,""R$ 119,80"",Z:\marketing\Weslley\Coleção JUNHO\CATÁLOGO DE PRATA\258504-1.jpg"
"258505,ARGOLA PRATA 925 REDONDA LISA,""R$ 25,80"",Z:\marketing\Weslley\Coleção JUNHO\CATÁLOGO DE PRATA\258505-1.jpg"
"258506,ANEL PRATA 925 SOLITÁRIO QUADRADO COM BORDA CRAVEJADA,""R$ 239,80"",Z:\marketing\Weslley\Coleção JUNHO\CATÁLOGO DE PRATA\258506-1.jpg"
"258507,ANEL PRATA 925 CORAÇÃO EM ZIRCÔNIA,""R$ 99,80"",Z:\marketing\Weslley\Coleção JUNHO\CATÁLOGO DE PRATA\258507-1.jpg"
"258508,ARGOLA PRATA 925 REDONDA LISA,""R$ 15,80"",Imagem não encontrada"
"258509,ANEL PRATA 925 DUPLO CORAÇÃO CRAVEJADO E VAZADO,""R$ 99,80"",Z:\marketing\Weslley\Coleção JUNHO\CATÁLOGO DE PRATA\258509-1.jpg"
"258510,ARGOLA PRATA 925 REDONDA TORCIDA,""R$ 25,80"",Z:\marketing\Weslley\Coleção JUNHO\CATÁLOGO DE PRATA\258510-1.jpg"
"258512,ANEL PRATA 925 SOLITÁRIO DUPLO,""R$ 199,80"",Z:\marketing\Weslley\Coleção JUNHO\CATÁLOGO DE PRATA\258512-1.jpg"
"258513,APARADOR PRATA 925 CRAVEJADO,""R$ 119,80"",Z:\marketing\Weslley\Coleção JUNHO\CATÁLOGO DE PRATA\258513-1.jpg"
"258514,ANEL PRATA 925 SOLITÁRIO,""R$ 119,80"",Z:\marketing\Weslley\Coleção JUNHO\CATÁLOGO DE PRATA\258514-1.jpg"
"258515,ANEL PRATA 925 SOLITÁRIO COM BORDA CRAVEJADA,""R$ 139,80"",Z:\marketing\Weslley\Coleção JUNHO\CATÁLOGO DE PRATA\258515-1.jpg"
"258516,ANEL PRATA 925 ELOS LISOS E CRAVEJADOS,""R$ 249,80"",Z:\marketing\Weslley\Coleção JUNHO\CATÁLOGO DE PRATA\258516-1.jpg"
"258517,ARGOLA PRATA 925 REDONDA TORCIDA,""R$ 25,80"",Z:\marketing\Weslley\Coleção JUNHO\CATÁLOGO DE PRATA\258517-1.jpg"
"258518,ARGOLA PRATA 925 REDONDO LISO,""R$ 159,80"",Z:\marketing\Weslley\Coleção JUNHO\CATÁLOGO DE PRATA\258518-1.jpg"
"258519,COLAR PRATA 925 TREVO LISO,""R$ 99,80"",Z:\marketing\Weslley\Coleção JUNHO\CATÁLOGO DE PRATA\258519-1.jpg"
"258520,COLAR PRATA 925 BORBOLETAS,""R$ 159,80"",Z:\marketing\Weslley\Coleção JUNHO\CATÁLOGO DE PRATA\258520-1.jpg"
"258521,ANEL PRATA 925 SOLITÁRIO COM BORDA CRAVEJADA,""R$ 119,80"",Z:\marketing\Weslley\Coleção JUNHO\CATÁLOGO DE PRATA\258521-1.jpg"
"258522,ANEL PRATA 925 SOLITÁRIO COM BORDA CRAVEJADA,""R$ 99,80"",Z:\marketing\Weslley\Coleção JUNHO\CATÁLOGO DE PRATA\258522-1.jpg"
"258524,ANEL PRATA 925 SOLITÁRIO RETANGULAR COM DETALHE CRAVEJADO,""R$ 119,80"",Z:\marketing\Weslley\Coleção JUNHO\CATÁLOGO DE PRATA\258524-4.jpg"
"258525,ANEL PRATA 925 CORAÇÃO VAZADO CRAVEJADO,""R$ 79,80"",Z:\marketing\Weslley\Coleção JUNHO\CATÁLOGO DE PRATA\258525-1.jpg"
"258527,ANEL PRATA 925 CORAÇÃO CRAVEJADO,""R$ 139,80"",Z:\marketing\Weslley\Coleção JUNHO\CATÁLOGO DE PRATA\258527-1.jpg"
"258528,ANEL PRATA 925 OVAL CRAVEJADO,""R$ 199,80"",Z:\marketing\Weslley\Coleção JUNHO\CATÁLOGO DE PRATA\258528-1.jpg"
"258530,ANEL PRATA 925 SOLITÁRIO QUADRADO,""R$ 99,80"",Z:\marketing\Weslley\Coleção JUNHO\CATÁLOGO DE PRATA\258530-1.jpg"
"258532,ANEL PRATA 925 PINGENTE CORAÇÃO CRAVEJADO,""R$ 119,80"",Z:\marketing\Weslley\Coleção JUNHO\CATÁLOGO DE PRATA\258532-1.jpg"
"258533,ANEL PRATA 925 CORAÇÃO,""R$ 79,80"",Z:\marketing\Weslley\Coleção JUNHO\CATÁLOGO DE PRATA\258533-1.jpg"
"258536,ANEL PRATA 925 INFINITO CRAVEJADO COM DETALHE CORAÇÃO,""R$ 139,80"",Z:\marketing\Weslley\Coleção JUNHO\CATÁLOGO DE PRATA\258536-1.jpg"
"258538,ANEL PRATA 925 TRABALHADO COM DETALHE PONTO DE LUZ,""R$ 99,80"",Z:\marketing\Weslley\Coleção JUNHO\CATÁLOGO DE PRATA\258538-1.jpg"
"258539,ARGOLA TRIO PRATA 925 REDONDO LISO,""R$ 39,80"",Z:\marketing\Weslley\Coleção JUNHO\CATÁLOGO DE PRATA\258539-1 trio 3_.jpg"
"258541,ARGOLA TRIO PRATA 925 OVAL LISO,""R$ 59,80"",Imagem não encontrada"
"258542,COLAR PRATA 925 FLOR CRAVEJADA,""R$ 179,80"",Z:\marketing\Weslley\Coleção JUNHO\CATÁLOGO DE PRATA\258542-1.jpg"
"258543,ANEL PRATA 925 TRANÇADO CRAVEJADO,""R$ 199,80"",Z:\marketing\Weslley\Coleção JUNHO\CATÁLOGO DE PRATA\258543-1.jpg"
"258544,ANEL PRATA 925 FIO DUPLO SOLITÁRIO,""R$ 99,80"",Z:\marketing\Weslley\Coleção JUNHO\CATÁLOGO DE PRATA\258544-1.jpg"
"258546,ANEL PRATA 925 FLOR CRAVEJADA,""R$ 159,80"",Z:\marketing\Weslley\Coleção JUNHO\CATÁLOGO DE PRATA\258546-1.jpg"
"258550,ANEL PRATA 925 FILEIRAS CRAVEJADO,""R$ 139,80"",Z:\marketing\Weslley\Coleção JUNHO\CATÁLOGO DE PRATA\258550-1.jpg"
"258551,ANEL PRATA 925 SOLITÁRIO CRAVEJADO,""R$ 239,80"",Z:\marketing\Weslley\Coleção JUNHO\CATÁLOGO DE PRATA\258551-1.jpg"
"258553,ANEL PRATA 925 TRABALHADO NAVETE CRAVEJADO,""R$ 179,80"",Imagem não encontrada"
"258554,ANEL PRATA 925 FIO DUPLO CRAVEJADO COM SOLITÁRIO,""R$ 139,80"",Z:\marketing\Weslley\Coleção JUNHO\CATÁLOGO DE PRATA\258554-1.jpg"
"258555,ANEL PRATA 925CORAÇÃO CRAVEJADO,""R$ 79,80"",Z:\marketing\Weslley\Coleção JUNHO\CATÁLOGO DE PRATA\258555-1.jpg"
"258556,ANEL PRATA 925 AMOR DE MÃE DETALHE CRAVEJADO,""R$ 139,80"",Z:\marketing\Weslley\Coleção JUNHO\CATÁLOGO DE PRATA\258556-1.jpg"
"258558,ANEL PRATA 925 SOLITÁRIO RETÂNGULAR,""R$ 99,80"",Z:\marketing\Weslley\Coleção JUNHO\CATÁLOGO DE PRATA\258558-1.jpg"
"258560,ANEL PRATA 925 SOLITÁRIO COM BORDA CRAVEJADO,""R$ 119,80"",Z:\marketing\Weslley\Coleção JUNHO\CATÁLOGO DE PRATA\258560-1.jpg"
"258565,CONJUNTO PRATA 925 CIRCULO VAZADO DETALHE ZIRCÔNIA,""R$ 199,80"",Z:\marketing\Weslley\Coleção JUNHO\CATÁLOGO DE PRATA\258565-1.jpg"
"258565,CONJUNTO PRATA 925 CIRCULO VAZADO DETALHE ZIRCÔNIA,""R$ 199,80"",Z:\marketing\Weslley\Coleção JUNHO\CATÁLOGO DE PRATA\258565-11.jpg"
"258565,CONJUNTO PRATA 925 CIRCULO VAZADO DETALHE ZIRCÔNIA,""R$ 199,80"",Z:\marketing\Weslley\Coleção JUNHO\CATÁLOGO DE PRATA\258565-3.jpg"
"258565,CONJUNTO PRATA 925 CIRCULO VAZADO DETALHE ZIRCÔNIA,""R$ 199,80"",Z:\marketing\Weslley\Coleção JUNHO\CATÁLOGO DE PRATA\258565-5.jpg"
"258565,CONJUNTO PRATA 925 CIRCULO VAZADO DETALHE ZIRCÔNIA,""R$ 199,80"",Z:\marketing\Weslley\Coleção JUNHO\CATÁLOGO DE PRATA\258565-7.jpg"
"258565,CONJUNTO PRATA 925 CIRCULO VAZADO DETALHE ZIRCÔNIA,""R$ 199,80"",Z:\marketing\Weslley\Coleção JUNHO\CATÁLOGO DE PRATA\258565-9.jpg"
"258568,CONJUNTO PRATA 925 BORBOLETA CRAVEJADA,""R$ 199,80"",Z:\marketing\Weslley\Coleção JUNHO\CATÁLOGO DE PRATA\258568-1.jpg"
"258571,CONJUNTO PRATA 925 CIRCULOS VAZADOS E CRAVEJADO,""R$ 199,80"",Z:\marketing\Weslley\Coleção JUNHO\CATÁLOGO DE PRATA\258571-1.jpg"
"258577,CONJUNTO PRATA 925 RETÂNGULO CRAVEJADO,""R$ 199,80"",Z:\marketing\Weslley\Coleção JUNHO\CATÁLOGO DE PRATA\258577-1.jpg"
"258609,CONJUNTO PRATA 925 CORAÇÃO LISO E CRAVEJADO,""R$ 199,80"",Z:\marketing\Weslley\Coleção JUNHO\CATÁLOGO DE PRATA\258609-1.jpg"
"258645,ARGOLA TRIO PRATA 925 CRAVEJADO,""R$ 159,80"",Z:\marketing\Weslley\Coleção JUNHO\CATÁLOGO DE PRATA\258645-1.jpg"
"258646,ANEL PRATA 925 DETALHE QUADRADO EM ZIRCÔNIA,""R$ 79,80"",Z:\marketing\Weslley\Coleção JUNHO\CATÁLOGO DE PRATA\258646-1.jpg"
"258649,ANEL PRATA 925 CRAVEJADO COM DETALHE NAVETE,""R$ 99,80"",Z:\marketing\Weslley\Coleção JUNHO\CATÁLOGO DE PRATA\258649-1.jpg"
"258652,ANEL PRATA 925 CÍRCULOS EM ZIRCÔNIA,""R$ 79,80"",Z:\marketing\Weslley\Coleção JUNHO\CATÁLOGO DE PRATA\258652-1.jpg"
"258657,CONJUNTO PRATA 925 CORAÇÃO VAZADO E CRAVEJADO,""R$ 199,80"",Z:\marketing\Weslley\Coleção JUNHO\CATÁLOGO DE PRATA\258657-1.jpg"
"258658,COLAR PRATA 925 CORAÇÃO BORDA CRAVEJADO,""R$ 119,80"",Z:\marketing\Weslley\Coleção JUNHO\CATÁLOGO DE PRATA\258658-1.jpg"
"258661,BRINCO TRIO PRATA 925 CORAÇÃO LISO,""R$ 39,80"",Z:\marketing\Weslley\Coleção JUNHO\CATÁLOGO DE PRATA\258661-1.jpg"
"258662,BRINCO PRATA 925 PONTO DE LUZ BORDA CRAVEJADA,""R$ 79,80"",Z:\marketing\Weslley\Coleção JUNHO\CATÁLOGO DE PRATA\258662-1.jpg"
"258664,BRINCO PRATA 925 PONTO DE LUZ QUADRADO,""R$ 25,80"",Z:\marketing\Weslley\Coleção JUNHO\CATÁLOGO DE PRATA\258664-1.jpg"
"258664,BRINCO PRATA 925 PONTO DE LUZ QUADRADO,""R$ 25,80"",Z:\marketing\Weslley\Coleção JUNHO\CATÁLOGO DE PRATA\258664-11.jpg"
"258664,BRINCO PRATA 925 PONTO DE LUZ QUADRADO,""R$ 25,80"",Z:\marketing\Weslley\Coleção JUNHO\CATÁLOGO DE PRATA\258664-3.jpg"
"258664,BRINCO PRATA 925 PONTO DE LUZ QUADRADO,""R$ 25,80"",Z:\marketing\Weslley\Coleção JUNHO\CATÁLOGO DE PRATA\258664-9.jpg"
"258664,BRINCO PRATA 925 PONTO DE LUZ QUADRADO,""R$ 25,80"",Imagem não encontrada"
"258664,BRINCO PRATA 925 PONTO DE LUZ QUADRADO,""R$ 25,80"",Imagem não encontrada"
"258668,BRINCO PRATA 925 GOTA VAZADO COM DETALHE CRAVEJADO,""R$ 79,80"",Z:\marketing\Weslley\Coleção JUNHO\CATÁLOGO DE PRATA\258668-1.jpg"
"258670,BRINCO PRATA 925 PONTO DE LUZ OVAL BORDA CRAVEJADA,""R$ 159,80"",Z:\marketing\Weslley\Coleção JUNHO\CATÁLOGO DE PRATA\258670-1.jpg"
"258671,BRINCO PRATA 925 EAR CUFF CORAÇÕES LISO E VAZADOS,""R$ 29,80"",Z:\marketing\Weslley\Coleção JUNHO\CATÁLOGO DE PRATA\258671-1.jpg"
"258673,BRINCO PRATA 925 PONTO DE LUZ BORDA CRAVEJADA,""R$ 79,80"",Z:\marketing\Weslley\Coleção JUNHO\CATÁLOGO DE PRATA\258673-1.jpg"
"258678,BRINCO PRATA 925 CORAÇÃO VAZADO CRAVEJADO,""R$ 139,80"",Z:\marketing\Weslley\Coleção JUNHO\CATÁLOGO DE PRATA\258678-1.jpg"
"258680,BRINCO PRATA 925 PONTO DE LUZ,""R$ 119,80"",Z:\marketing\Weslley\Coleção JUNHO\CATÁLOGO DE PRATA\258680-1.jpg"
"258682,BRINCO PRATA 925 REDONDO CRAVEJADO,""R$ 179,80"",Z:\marketing\Weslley\Coleção JUNHO\CATÁLOGO DE PRATA\258682-1.jpg"
"258684,CONJUNTO PRATA 925 LOSANGO DETALHE CRAVEJADO,""R$ 199,80"",Z:\marketing\Weslley\Coleção JUNHO\CATÁLOGO DE PRATA\258684-1.jpg"
"258689,BRINCO PRATA 925 EAR CUFF FILEIRA ESTRELAS VAZADAS,""R$ 59,80"",Z:\marketing\Weslley\Coleção JUNHO\CATÁLOGO DE PRATA\258689-1.jpg"
"258692,BRINCO PRATA 925 EAR CUFF FILEIRA BORBOLETAS VAZADAS,""R$ 59,80"",Z:\marketing\Weslley\Coleção JUNHO\CATÁLOGO DE PRATA\258692-1.jpg"
"258694,ARGOLA PRATA 925 TRABALHADA LISA,""R$ 179,80"",Z:\marketing\Weslley\Coleção JUNHO\CATÁLOGO DE PRATA\258694-1.jpg"
"258695,BRINCO PRATA 925 FLORES CRAVEJADAS,""R$ 159,80"",Z:\marketing\Weslley\Coleção JUNHO\CATÁLOGO DE PRATA\258695-1.jpg"
"258704,BRINCO PRATA 925 FLOR CRAVEJADA,""R$ 79,80"",Z:\marketing\Weslley\Coleção JUNHO\CATÁLOGO DE PRATA\258704-1.jpg"
"258706,BRINCO PRATA 925 EAR CUFF BARRA CRAVEJADA,""R$ 79,80"",Z:\marketing\Weslley\Coleção JUNHO\CATÁLOGO DE PRATA\258706-1.jpg"
"258709,BRINCO PRATA 925 AER CUFF NAVETE,""R$ 119,80"",Z:\marketing\Weslley\Coleção JUNHO\CATÁLOGO DE PRATA\258709-1.jpg"
"258709,BRINCO PRATA 925 AER CUFF NAVETE,""R$ 119,80"",Z:\marketing\Weslley\Coleção JUNHO\CATÁLOGO DE PRATA\258709-3.jpg"
"258712,BRINCO PRATA 925 EAR CUFF  PONTOS DE LUZ,""R$ 99,80"",Z:\marketing\Weslley\Coleção JUNHO\CATÁLOGO DE PRATA\258712-1.jpg"
"258717,BRINCO PRATA 925 FLOR COM DETALHES CRAVEJADO,""R$ 199,80"",Z:\marketing\Weslley\Coleção JUNHO\CATÁLOGO DE PRATA\258717-1.jpg"
"258724,BRINCO PRATA 925 FLOR COM DETALHE EM ZIRCÔNIA,""R$ 159,80"",Z:\marketing\Weslley\Coleção JUNHO\CATÁLOGO DE PRATA\258724-1.jpg"
"258729,CONJUNTO PRATA 925 BASE PONTO DE LUZ CIRCULOS LISO E CRAVEJADO,""R$ 199,80"",Z:\marketing\Weslley\Coleção JUNHO\CATÁLOGO DE PRATA\258729-1.jpg"
"258730,BRINCO PRATA 925 GOTA COM DETALHE CRAVEJADO,""R$ 179,80"",Z:\marketing\Weslley\Coleção JUNHO\CATÁLOGO DE PRATA\258730-1.jpg"
"258731,BRINCO PRATA 925 PÉROLA COM DETALHE FIOS ENTRELAÇADOS,""R$ 159,80"",Z:\marketing\Weslley\Coleção JUNHO\CATÁLOGO DE PRATA\258731-1.jpg"
"258732,BRINCO PRATA 925 NOSSA SENHORA COM DETALHES CRAVEJADO,""R$ 99,80"",Z:\marketing\Weslley\Coleção JUNHO\CATÁLOGO DE PRATA\258732-1.jpg"
"258734,COLAR PRATA 925 BOLAS ZIRCONIAS COLORIDAS,""R$ 99,80"",Z:\marketing\Weslley\Coleção JUNHO\CATÁLOGO DE PRATA\258734-1.jpg"
"258735,BRINCO PRATA 925 CORAÇÃO DUPLO CRAVEJADO,""R$ 179,80"",Z:\marketing\Weslley\Coleção JUNHO\CATÁLOGO DE PRATA\258735-1.jpg"
"258736,BRINCO PRATA 925 CORAÇÃO CRAVEJADO,""R$ 119,80"",Z:\marketing\Weslley\Coleção JUNHO\CATÁLOGO DE PRATA\258736-1.jpg"
"258736,BRINCO PRATA 925 CORAÇÃO CRAVEJADO,""R$ 119,80"",Z:\marketing\Weslley\Coleção JUNHO\CATÁLOGO DE PRATA\258736-3.jpg"
"258739,PULSEIRA PRATA 925 COM DETALHES EM  ZIRCÔNIA OVAL,""R$ 79,80"",Z:\marketing\Weslley\Coleção JUNHO\CATÁLOGO DE PRATA\258739-1.jpg"
"258740,BRINCO PRATA 925 BASE CORAÇÃO COM PINGENTE OVAL,""R$ 119,80"",Z:\marketing\Weslley\Coleção JUNHO\CATÁLOGO DE PRATA\258740-1.jpg"
"258741,BRINCO PRATA 925 CORAÇÃO CRAVEJADO,""R$ 99,80"",Z:\marketing\Weslley\Coleção JUNHO\CATÁLOGO DE PRATA\258741-1.jpg"
"258744,BRINCO PRATA 925 BASE PONTO DE LUZ CORAÇAO BORDA CRAVEJADO P,""R$ 79,80"",Z:\marketing\Weslley\Coleção JUNHO\CATÁLOGO DE PRATA\258744-1.jpg"
"258745,BRINCO PRATA 925 GOTA COM DETALHES CRAVEJADOS,""R$ 99,80"",Z:\marketing\Weslley\Coleção JUNHO\CATÁLOGO DE PRATA\258745-1.jpg"
"258748,PULSEIRA PRATA 925 BORBOLETAS,""R$ 99,80"",Z:\marketing\Weslley\Coleção JUNHO\CATÁLOGO DE PRATA\258748-1.jpg"
"258750,CONJUNTO PRATA 925 ELOS ENTRELAÇADOS LISO CRAVEJADO,""R$ 199,80"",Z:\marketing\Weslley\Coleção JUNHO\CATÁLOGO DE PRATA\258750-1.jpg"
"258755,BRINCO PRATA 925 GOTAS CRAVEJADAS,""R$ 159,80"",Z:\marketing\Weslley\Coleção JUNHO\CATÁLOGO DE PRATA\258755-1.jpg"
"258764,PULSEIRA PRATA 925 CORAÇÕES LISOS,""R$ 39,80"",Z:\marketing\Weslley\Coleção JUNHO\CATÁLOGO DE PRATA\258764-1.jpg"
"258767,PULSEIRA PRATA 925 PINGENTE CORAÇAO LISO,""R$ 39,80"",Z:\marketing\Weslley\Coleção JUNHO\CATÁLOGO DE PRATA\258767-1.jpg"
"258768,PULSEIRA PRATA 925 CORAÇOES LISOS,""R$ 39,80"",Z:\marketing\Weslley\Coleção JUNHO\CATÁLOGO DE PRATA\258768-1.jpg"
"258773,PULSEIRA PRATA 925 PINGENTE CORAÇÃO,""R$ 39,80"",Z:\marketing\Weslley\Coleção JUNHO\CATÁLOGO DE PRATA\258773-1.jpg"
"258773,PULSEIRA PRATA 925 PINGENTE CORAÇÃO,""R$ 39,80"",Z:\marketing\Weslley\Coleção JUNHO\CATÁLOGO DE PRATA\258773-3.jpg"
"258773,PULSEIRA PRATA 925 PINGENTE CORAÇÃO,""R$ 39,80"",Z:\marketing\Weslley\Coleção JUNHO\CATÁLOGO DE PRATA\258773-5.jpg"
"258773,PULSEIRA PRATA 925 PINGENTE CORAÇÃO,""R$ 39,80"",Z:\marketing\Weslley\Coleção JUNHO\CATÁLOGO DE PRATA\258773-7.jpg"
"258775,PULSEIRA PRATA 925 BOLAS COLORIDAS,""R$ 39,80"",Z:\marketing\Weslley\Coleção JUNHO\CATÁLOGO DE PRATA\258775-1.jpg"
"258777,COLAR PRATA 925 COM COM CORAÇÕES LISOS,""R$ 99,80"",Z:\marketing\Weslley\Coleção JUNHO\CATÁLOGO DE PRATA\258777-1.jpg"
